{"cameraMode":{"drawMode":0,"name":"Shaded","section":"Shading Mode"},"sceneLighting":false,"audioPlay":false,"sceneViewState":{"showFog":true,"showMaterialUpdate":false,"showSkybox":false,"showFlares":true,"showImageEffects":true,"showParticleSystems":true},"in2DMode":false,"pivot":{"x":-0.04852181673049927,"y":0.7281842231750488,"z":-5.6511688232421879},"rotation":{"x":0.05054138973355293,"y":0.9026597738265991,"z":-0.11049964278936386,"w":0.4128728210926056},"size":4.769991874694824,"orthographic":false}