{"cameraMode":{"drawMode":0,"name":"Shaded","section":"Shading Mode"},"sceneLighting":false,"audioPlay":false,"sceneViewState":{"showFog":true,"showMaterialUpdate":false,"showSkybox":false,"showFlares":true,"showImageEffects":true,"showParticleSystems":true},"in2DMode":false,"pivot":{"x":-0.4684622883796692,"y":0.6597053408622742,"z":-0.2567415237426758},"rotation":{"x":-0.0512634702026844,"y":0.030552463605999948,"z":-0.0015668330015614629,"w":-0.998223602771759},"size":11.214699745178223,"orthographic":false}