{"cameraMode":{"drawMode":0,"name":"Shaded","section":"Shading Mode"},"sceneLighting":true,"audioPlay":false,"sceneViewState":{"showFog":true,"showMaterialUpdate":false,"showSkybox":true,"showFlares":true,"showImageEffects":true,"showParticleSystems":true},"in2DMode":false,"pivot":{"x":10.799921035766602,"y":-5.388579368591309,"z":4.466762542724609},"rotation":{"x":0.17607036232948304,"y":0.4644184112548828,"z":-0.09476736187934876,"w":0.8627568483352661},"size":21.163787841796876,"orthographic":false}